Id,Name,Phone
0015h00001YOM6RAAX,Burlington Textiles Corp of America,(336) 222-7000
0015h00001YOM6TAAX,Dickenson plc,(785) 241-6200
0015h00001YOM6QAAX,Edge Communications,(512) 757-6000
0015h00001YOM6WAAX,Express Logistics and Transport,(503) 421-7800
0015h00001YOM6aAAH,GenePoint,(650) 867-3450
0015h00001YOM6UAAX,Grand Hotels & Resorts Ltd,(312) 596-1000
0015h00001YOM6SAAX,Pyramid Construction Inc.,(014) 427-4427
0015h00001Y3YaXAAV,Sample Account for Entitlements,
0015h00001YOM6bAAH,sForce,(415) 901-7000
0015h00001YOM6VAAX,United Oil & Gas Corp.,(212) 842-5500
0015h00001YOM6ZAAX,"United Oil & Gas, Singapore",(650) 450-8810
0015h00001YOM6YAAX,"United Oil & Gas, UK",+44 191 4956203
0015h00001YOM6XAAX,University of Arizona,(520) 773-9050